{
  "timestamp": "20260424_205909",
  "scope": "02_complex_tables/forms — USGov PDFs with _gt.txt",
  "variants": {
    "eng_only": "eng",
    "multi_lang": "eng+hin+tel+tam+ben"
  },
  "aggregate": {
    "eng_only": {
      "n": 15,
      "successful": 15,
      "mean_cer": 0.341,
      "mean_wer": 0.4386,
      "mean_f1": 0.9185,
      "mean_precision": 0.9523,
      "mean_recall": 0.8911,
      "mean_latency_ms": 21118.7
    },
    "multi_lang": {
      "n": 15,
      "successful": 15,
      "mean_cer": 0.3259,
      "mean_wer": 0.4297,
      "mean_f1": 0.917,
      "mean_precision": 0.9315,
      "mean_recall": 0.9039,
      "mean_latency_ms": 47248.0
    }
  },
  "paired_deltas_multi_minus_eng": {
    "n_paired": 15,
    "mean_delta_cer_multi_minus_eng": -0.0151,
    "mean_delta_wer_multi_minus_eng": -0.0089,
    "mean_delta_f1_multi_minus_eng": -0.0015,
    "mean_delta_latency_ms_multi_minus_eng": 26129.3
  },
  "per_doc": [
    {
      "doc_stem": "usgov__IRS-1040",
      "lang_variant": "eng_only",
      "lang_string": "eng",
      "success": true,
      "latency_ms": 8303.99195800419,
      "char_count": 9327,
      "cer": 0.14367306745445593,
      "wer": 0.33781965006729475,
      "f1": 0.7688844422211105,
      "precision": 0.8688524590163934,
      "recall": 0.6895468820098699,
      "error": null
    },
    {
      "doc_stem": "usgov__IRS-W-4",
      "lang_variant": "eng_only",
      "lang_string": "eng",
      "success": true,
      "latency_ms": 22227.85487499641,
      "char_count": 25346,
      "cer": 0.37314187874542765,
      "wer": 0.5721790292078167,
      "f1": 0.8310796308220649,
      "precision": 0.8493090590041675,
      "recall": 0.8136163059466275,
      "error": null
    },
    {
      "doc_stem": "usgov__IRS-W-9",
      "lang_variant": "eng_only",
      "lang_string": "eng",
      "success": true,
      "latency_ms": 27278.03966700594,
      "char_count": 37535,
      "cer": 0.6328804275572336,
      "wer": 0.7529976019184652,
      "f1": 0.9801908733659477,
      "precision": 0.9834245252655295,
      "recall": 0.9769784172661871,
      "error": null
    },
    {
      "doc_stem": "usgov__SF-181-ethnicity",
      "lang_variant": "eng_only",
      "lang_string": "eng",
      "success": true,
      "latency_ms": 2824.4548750008107,
      "char_count": 3240,
      "cer": 0.035555555555555556,
      "wer": 0.07028112449799197,
      "f1": 0.9566074950690335,
      "precision": 0.939922480620155,
      "recall": 0.9738955823293173,
      "error": null
    },
    {
      "doc_stem": "usgov__SF-85-questionnaire",
      "lang_variant": "eng_only",
      "lang_string": "eng",
      "success": true,
      "latency_ms": 62360.39816700213,
      "char_count": 59909,
      "cer": 0.3549351597538504,
      "wer": 0.3775973784166232,
      "f1": 0.8004560003507695,
      "precision": 0.9731343283582089,
      "recall": 0.6798242347508751,
      "error": null
    },
    {
      "doc_stem": "usgov__f1040es",
      "lang_variant": "eng_only",
      "lang_string": "eng",
      "success": true,
      "latency_ms": 47555.67312500352,
      "char_count": 57310,
      "cer": 0.5552819336448125,
      "wer": 0.6549500454132606,
      "f1": 0.9009295381206955,
      "precision": 0.9589869783656311,
      "recall": 0.8495004541326068,
      "error": null
    },
    {
      "doc_stem": "usgov__f4506t",
      "lang_variant": "eng_only",
      "lang_string": "eng",
      "success": true,
      "latency_ms": 10709.032209000725,
      "char_count": 16984,
      "cer": 0.5063877168307548,
      "wer": 0.6240547353258913,
      "f1": 0.9826086956521739,
      "precision": 0.988698505286183,
      "recall": 0.9765934461649262,
      "error": null
    },
    {
      "doc_stem": "usgov__f941",
      "lang_variant": "eng_only",
      "lang_string": "eng",
      "success": true,
      "latency_ms": 8344.343124997977,
      "char_count": 9590,
      "cer": 0.3175564681724846,
      "wer": 0.4066553863508178,
      "f1": 0.9457274826789839,
      "precision": 0.9686575990538143,
      "recall": 0.9238578680203046,
      "error": null
    },
    {
      "doc_stem": "usgov__f9465",
      "lang_variant": "eng_only",
      "lang_string": "eng",
      "success": true,
      "latency_ms": 6250.114457994641,
      "char_count": 7595,
      "cer": 0.1750216610966704,
      "wer": 0.30755064456721914,
      "f1": 0.8739159439626417,
      "precision": 0.9569028487947406,
      "recall": 0.8041743400859422,
      "error": null
    },
    {
      "doc_stem": "usgov__fss4",
      "lang_variant": "eng_only",
      "lang_string": "eng",
      "success": true,
      "latency_ms": 7162.681458001316,
      "char_count": 9557,
      "cer": 0.13198919143629184,
      "wer": 0.18663303909205547,
      "f1": 0.9345675071816151,
      "precision": 0.9463477698771816,
      "recall": 0.9230769230769231,
      "error": null
    },
    {
      "doc_stem": "usgov__fw2",
      "lang_variant": "eng_only",
      "lang_string": "eng",
      "success": true,
      "latency_ms": 20373.255999998946,
      "char_count": 21803,
      "cer": 0.542700713548445,
      "wer": 0.6376269374665954,
      "f1": 0.9598268632490193,
      "precision": 0.9717885510818953,
      "recall": 0.9481560662747194,
      "error": null
    },
    {
      "doc_stem": "usgov__sf1152",
      "lang_variant": "eng_only",
      "lang_string": "eng",
      "success": true,
      "latency_ms": 9095.84866699879,
      "char_count": 10450,
      "cer": 0.09274309207381203,
      "wer": 0.12166859791425261,
      "f1": 0.9720767888307155,
      "precision": 0.9760514018691588,
      "recall": 0.9681344148319815,
      "error": null
    },
    {
      "doc_stem": "usgov__sf144",
      "lang_variant": "eng_only",
      "lang_string": "eng",
      "success": true,
      "latency_ms": 6713.4389159982675,
      "char_count": 8211,
      "cer": 0.5548192771084337,
      "wer": 0.6903515332834704,
      "f1": 0.9390977443609023,
      "precision": 0.9440665154950869,
      "recall": 0.9341810022438295,
      "error": null
    },
    {
      "doc_stem": "usgov__sf2809",
      "lang_variant": "eng_only",
      "lang_string": "eng",
      "success": true,
      "latency_ms": 52345.60004200466,
      "char_count": 63766,
      "cer": 0.31960063549422135,
      "wer": 0.3924170616113744,
      "f1": 0.9755958598423702,
      "precision": 0.977359208523592,
      "recall": 0.9738388625592417,
      "error": null
    },
    {
      "doc_stem": "usgov__sf3104",
      "lang_variant": "eng_only",
      "lang_string": "eng",
      "success": true,
      "latency_ms": 25235.688291999395,
      "char_count": 30834,
      "cer": 0.3780023342957184,
      "wer": 0.44690016857089343,
      "f1": 0.9553185356010377,
      "precision": 0.9808602999210734,
      "recall": 0.9310732346881438,
      "error": null
    },
    {
      "doc_stem": "usgov__IRS-1040",
      "lang_variant": "multi_lang",
      "lang_string": "eng+hin+tel+tam+ben",
      "success": true,
      "latency_ms": 36385.72091599781,
      "char_count": 9964,
      "cer": 0.1760709010339734,
      "wer": 0.392552714221624,
      "f1": 0.7266305627501767,
      "precision": 0.7646184340931615,
      "recall": 0.6922386720502467,
      "error": null
    },
    {
      "doc_stem": "usgov__IRS-W-4",
      "lang_variant": "multi_lang",
      "lang_string": "eng+hin+tel+tam+ben",
      "success": true,
      "latency_ms": 52754.138333999435,
      "char_count": 25345,
      "cer": 0.37532103665654915,
      "wer": 0.566505568396722,
      "f1": 0.8427686391796625,
      "precision": 0.8570497501629372,
      "recall": 0.8289556629544022,
      "error": null
    },
    {
      "doc_stem": "usgov__IRS-W-9",
      "lang_variant": "multi_lang",
      "lang_string": "eng+hin+tel+tam+ben",
      "success": true,
      "latency_ms": 53167.50754199893,
      "char_count": 37568,
      "cer": 0.6332260894998537,
      "wer": 0.7555555555555555,
      "f1": 0.977500200176155,